"id","name","keyword"
1,"Financieel","100"
1,"Financieel","34606"
1,"Financieel","60"
1,"Financieel","aandeelhouder"
1,"Financieel","aansprakelijkheid"
1,"Financieel","abp"
1,"Financieel","accountants"
1,"Financieel","advies"
1,"Financieel","afm"
1,"Financieel","afweging"
1,"Financieel","armoede"
1,"Financieel","auteur"
1,"Financieel","ballonvaart"
1,"Financieel","bank"
1,"Financieel","beckerman"
1,"Financieel","begroting"
1,"Financieel","beving"
1,"Financieel","boete"
1,"Financieel","brouwer"
1,"Financieel","dat"
1,"Financieel","dijk"
1,"Financieel","disconteringsvoet"
1,"Financieel","dnb"
1,"Financieel","doorwerken"
1,"Financieel","drachme"
1,"Financieel","duitsland"
1,"Financieel","economie"
1,"Financieel","egmond"
1,"Financieel","energie"
1,"Financieel","engie"
1,"Financieel","euro"
1,"Financieel","exxon"
1,"Financieel","financi"
1,"Financieel","financieel"
1,"Financieel","fossiele"
1,"Financieel","gas"
1,"Financieel","gaswinning"
1,"Financieel","gebruik"
1,"Financieel","geld"
1,"Financieel","gelden"
1,"Financieel","gemeenten"
1,"Financieel","gigagaaf"
1,"Financieel","goed"
1,"Financieel","groningen"
1,"Financieel","groningers"
1,"Financieel","gulden"
1,"Financieel","heel"
1,"Financieel","heilloze"
1,"Financieel","hijink"
1,"Financieel","hoger"
1,"Financieel","hoogovens"
1,"Financieel","incassobureaus"
1,"Financieel","instroom"
1,"Financieel","integraal"
1,"Financieel","investeringen"
1,"Financieel","kerncentrales"
1,"Financieel","kernwapens"
1,"Financieel","kind"
1,"Financieel","kinderen"
1,"Financieel","kolen"
1,"Financieel","kubieke"
1,"Financieel","langer"
1,"Financieel","le"
1,"Financieel","leeftijdscategorie"
1,"Financieel","lutjens"
1,"Financieel","macht"
1,"Financieel","manifest"
1,"Financieel","miljard"
1,"Financieel","miljoen"
1,"Financieel","minister"
1,"Financieel","mondzorg"
1,"Financieel","munt"
1,"Financieel","mythes"
1,"Financieel","nispen"
1,"Financieel","nooit"
1,"Financieel","olie"
1,"Financieel","onwaarheden"
1,"Financieel","overheid"
1,"Financieel","patjepee"
1,"Financieel","pensioenrecht"
1,"Financieel","pharos"
1,"Financieel","plussers"
1,"Financieel","president"
1,"Financieel","producten"
1,"Financieel","projecten"
1,"Financieel","provisieverbod"
1,"Financieel","raad"
1,"Financieel","rechterlijke"
1,"Financieel","rechtspraak"
1,"Financieel","rechtsspraak"
1,"Financieel","rente"
1,"Financieel","rijksoverheid"
1,"Financieel","rooijen"
1,"Financieel","schade"
1,"Financieel","schades"
1,"Financieel","scheiding"
1,"Financieel","schuld"
1,"Financieel","schuldeisers"
1,"Financieel","schulden"
1,"Financieel","schuldenindustrie"
1,"Financieel","schuldvrij"
1,"Financieel","schultz"
1,"Financieel","shell"
1,"Financieel","signaal"
1,"Financieel","steuntje"
1,"Financieel","stimuleren"
1,"Financieel","tandarts"
1,"Financieel","ten"
1,"Financieel","toekomst"
1,"Financieel","toezicht"
1,"Financieel","uwv"
1,"Financieel","van"
1,"Financieel","verzekering"
1,"Financieel","verzekeringen"
1,"Financieel","vierenhalf"
1,"Financieel","voorstel"
1,"Financieel","wassenberg"
1,"Financieel","we"
1,"Financieel","wel"
1,"Financieel","wetsvoorstel"
1,"Financieel","wia"
1,"Financieel","winning"
1,"Financieel","zorgverzekeraars"
2,"Internationaal","chauffeurs"
2,"Internationaal","dat"
2,"Internationaal","discussie"
2,"Internationaal","energie"
2,"Internationaal","fossiele"
2,"Internationaal","gas"
2,"Internationaal","gebruik"
2,"Internationaal","heer"
2,"Internationaal","humanitaire"
2,"Internationaal","ik"
2,"Internationaal","in"
2,"Internationaal","integraal"
2,"Internationaal","investeringen"
2,"Internationaal","kolen"
2,"Internationaal","maandenlang"
2,"Internationaal","mihai"
2,"Internationaal","motie"
2,"Internationaal","olie"
2,"Internationaal","oost"
2,"Internationaal","politieke"
2,"Internationaal","roemeense"
2,"Internationaal","sociale"
2,"Internationaal","staaij"
2,"Internationaal","stimuleren"
2,"Internationaal","unrwa"
2,"Internationaal","vrachtwagenchauffeurs"
2,"Internationaal","we"
2,"Internationaal","weekend"
2,"Internationaal","winning"
2,"Internationaal","zagen"
5,"Binnenland","100"
5,"Binnenland","34606"
5,"Binnenland","60"
5,"Binnenland","aandeelhouders"
5,"Binnenland","aandelen"
5,"Binnenland","aangegeven"
5,"Binnenland","aanpak"
5,"Binnenland","aansprakelijkheid"
5,"Binnenland","aarde"
5,"Binnenland","accountants"
5,"Binnenland","acm"
5,"Binnenland","actieprogramma"
5,"Binnenland","advies"
5,"Binnenland","advocaten"
5,"Binnenland","advocatuur"
5,"Binnenland","afm"
5,"Binnenland","ambtenaren"
5,"Binnenland","amendementen"
5,"Binnenland","amhaouch"
5,"Binnenland","analyse"
5,"Binnenland","ao"
5,"Binnenland","armoede"
5,"Binnenland","auteur"
5,"Binnenland","ballonvaart"
5,"Binnenland","bank"
5,"Binnenland","beckerman"
5,"Binnenland","bedrijf"
5,"Binnenland","bedrijven"
5,"Binnenland","beetje"
5,"Binnenland","begroting"
5,"Binnenland","belangenverstrengeling"
5,"Binnenland","belasten"
5,"Binnenland","benoemingswijze"
5,"Binnenland","beperking"
5,"Binnenland","beroepsonderwijs"
5,"Binnenland","beste"
5,"Binnenland","bestuurders"
5,"Binnenland","beving"
5,"Binnenland","bevoegdheden"
5,"Binnenland","beweging"
5,"Binnenland","bezorgde"
5,"Binnenland","bij"
5,"Binnenland","bijenstrategie"
5,"Binnenland","biodiversiteit"
5,"Binnenland","boeren"
5,"Binnenland","boete"
5,"Binnenland","brouwer"
5,"Binnenland","burgemeester"
5,"Binnenland","burgemeesters"
5,"Binnenland","commissaris"
5,"Binnenland","dank"
5,"Binnenland","dat"
5,"Binnenland","de"
5,"Binnenland","diagnostische"
5,"Binnenland","dieren"
5,"Binnenland","dijk"
5,"Binnenland","disciplinaire"
5,"Binnenland","disconteringsvoet"
5,"Binnenland","dividendbelasting"
5,"Binnenland","dna"
5,"Binnenland","dnb"
5,"Binnenland","domein"
5,"Binnenland","doorwerken"
5,"Binnenland","drempelbedrag"
5,"Binnenland","drie"
5,"Binnenland","egmond"
5,"Binnenland","elektriciteit"
5,"Binnenland","eneco"
5,"Binnenland","energie"
5,"Binnenland","energietransitie"
5,"Binnenland","entreeopleiding"
5,"Binnenland","europese"
5,"Binnenland","exxon"
5,"Binnenland","financieel"
5,"Binnenland","fixus"
5,"Binnenland","fruitmachine"
5,"Binnenland","fusie"
5,"Binnenland","futselaar"
5,"Binnenland","gaan"
5,"Binnenland","gas"
5,"Binnenland","gaswinning"
5,"Binnenland","gedetineerden"
5,"Binnenland","gekozen"
5,"Binnenland","geld"
5,"Binnenland","gelden"
5,"Binnenland","gemeenten"
5,"Binnenland","gemeenteraadsverkiezingen"
5,"Binnenland","geneesmiddel"
5,"Binnenland","ger"
5,"Binnenland","gesprek"
5,"Binnenland","gezond"
5,"Binnenland","gezondheidszorg"
5,"Binnenland","gigagaaf"
5,"Binnenland","glb"
5,"Binnenland","goed"
5,"Binnenland","grashoff"
5,"Binnenland","grondwater"
5,"Binnenland","grondwet"
5,"Binnenland","groningen"
5,"Binnenland","groningers"
5,"Binnenland","groot"
5,"Binnenland","gulden"
5,"Binnenland","hechtenis"
5,"Binnenland","heel"
5,"Binnenland","heer"
5,"Binnenland","heilloze"
5,"Binnenland","herindeling"
5,"Binnenland","hijink"
5,"Binnenland","hoger"
5,"Binnenland","hoogovens"
5,"Binnenland","horeca"
5,"Binnenland","huizen"
5,"Binnenland","huurcommissie"
5,"Binnenland","huurder"
5,"Binnenland","huurders"
5,"Binnenland","huurverhogingen"
5,"Binnenland","huurverlaging"
5,"Binnenland","iedere"
5,"Binnenland","ijkpunt"
5,"Binnenland","ik"
5,"Binnenland","imago"
5,"Binnenland","incassobureaus"
5,"Binnenland","initiatiefnemers"
5,"Binnenland","innovatie"
5,"Binnenland","insectenpopulatie"
5,"Binnenland","inspectie"
5,"Binnenland","inspecties"
5,"Binnenland","instroom"
5,"Binnenland","intensieve"
5,"Binnenland","jan"
5,"Binnenland","jarig"
5,"Binnenland","jetten"
5,"Binnenland","jeugdbescherming"
5,"Binnenland","jeugdzorg"
5,"Binnenland","jong"
5,"Binnenland","kamer"
5,"Binnenland","kanker"
5,"Binnenland","kettingbeding"
5,"Binnenland","kijkers"
5,"Binnenland","kind"
5,"Binnenland","kinderen"
5,"Binnenland","klimaat"
5,"Binnenland","knelpunten"
5,"Binnenland","koning"
5,"Binnenland","kr"
5,"Binnenland","kubieke"
5,"Binnenland","kuik"
5,"Binnenland","kwantitatieve"
5,"Binnenland","landbouw"
5,"Binnenland","langer"
5,"Binnenland","leeftijdscategorie"
5,"Binnenland","leerlingen"
5,"Binnenland","levensreddend"
5,"Binnenland","lezing"
5,"Binnenland","lib"
5,"Binnenland","lijkt"
5,"Binnenland","lijst"
5,"Binnenland","luchthaven"
5,"Binnenland","luchtvaart"
5,"Binnenland","lutjens"
5,"Binnenland","maatregel"
5,"Binnenland","macht"
5,"Binnenland","machtspositie"
5,"Binnenland","madlener"
5,"Binnenland","manifest"
5,"Binnenland","materiaal"
5,"Binnenland","mbo"
5,"Binnenland","mededingingswet"
5,"Binnenland","medewerkers"
5,"Binnenland","medezeggenschap"
5,"Binnenland","meedogenloos"
5,"Binnenland","meenen"
5,"Binnenland","meer"
5,"Binnenland","mensen"
5,"Binnenland","miljoen"
5,"Binnenland","minister"
5,"Binnenland","minuten"
5,"Binnenland","moeten"
5,"Binnenland","mondzorg"
5,"Binnenland","motie"
5,"Binnenland","moties"
5,"Binnenland","mythes"
5,"Binnenland","natuur"
5,"Binnenland","natuurinclusieve"
5,"Binnenland","nispen"
5,"Binnenland","noemt"
5,"Binnenland","ns"
5,"Binnenland","numerus"
5,"Binnenland","ondernemingsraad"
5,"Binnenland","ondernemingsraden"
5,"Binnenland","onderwijs"
5,"Binnenland","onderzoekers"
5,"Binnenland","ongekozen"
5,"Binnenland","onwaarheden"
5,"Binnenland","onze"
5,"Binnenland","opleidingen"
5,"Binnenland","opliepen"
5,"Binnenland","orkambi"
5,"Binnenland","ors"
5,"Binnenland","ouwehand"
5,"Binnenland","overheid"
5,"Binnenland","overleg"
5,"Binnenland","paternotte"
5,"Binnenland","patjepee"
5,"Binnenland","penitentiaire"
5,"Binnenland","pensioenrecht"
5,"Binnenland","pharos"
5,"Binnenland","pleidooien"
5,"Binnenland","plussers"
5,"Binnenland","president"
5,"Binnenland","projecten"
5,"Binnenland","prorail"
5,"Binnenland","raad"
5,"Binnenland","rapport"
5,"Binnenland","rechter"
5,"Binnenland","rechterlijke"
5,"Binnenland","rechtsbescherming"
5,"Binnenland","rechtsbijstand"
5,"Binnenland","rechtshulp"
5,"Binnenland","rechtspraak"
5,"Binnenland","rechtsspraak"
5,"Binnenland","rijksoverheid"
5,"Binnenland","rooijen"
5,"Binnenland","samenwerkingscollege"
5,"Binnenland","schade"
5,"Binnenland","schades"
5,"Binnenland","scheiding"
5,"Binnenland","schepping"
5,"Binnenland","schiphol"
5,"Binnenland","scholen"
5,"Binnenland","schuld"
5,"Binnenland","schuldeisers"
5,"Binnenland","schulden"
5,"Binnenland","schuldenindustrie"
5,"Binnenland","schuldvrij"
5,"Binnenland","sde"
5,"Binnenland","selectie"
5,"Binnenland","shell"
5,"Binnenland","sluis"
5,"Binnenland","sociaal"
5,"Binnenland","spectaculaire"
5,"Binnenland","spreek"
5,"Binnenland","spreektijden"
5,"Binnenland","staatssecretaris"
5,"Binnenland","stageplek"
5,"Binnenland","stelsel"
5,"Binnenland","steuntje"
5,"Binnenland","steur"
5,"Binnenland","strafrechtelijke"
5,"Binnenland","strafrechtstoepassing"
5,"Binnenland","strikt"
5,"Binnenland","studenten"
5,"Binnenland","subsidie"
5,"Binnenland","systemen"
5,"Binnenland","taaislijmziekte"
5,"Binnenland","tandarts"
5,"Binnenland","tekortschieten"
5,"Binnenland","ten"
5,"Binnenland","termijn"
5,"Binnenland","terreurverdachten"
5,"Binnenland","terrorisme"
5,"Binnenland","terroristische"
5,"Binnenland","toets"
5,"Binnenland","toezicht"
5,"Binnenland","tussentijdse"
5,"Binnenland","uwv"
5,"Binnenland","van"
5,"Binnenland","verdrag"
5,"Binnenland","vergoeding"
5,"Binnenland","verhuurder"
5,"Binnenland","verhuurders"
5,"Binnenland","verkoop"
5,"Binnenland","verplichten"
5,"Binnenland","vet"
5,"Binnenland","vierenhalf"
5,"Binnenland","vn"
5,"Binnenland","voorlopige"
5,"Binnenland","voorstel"
5,"Binnenland","voortgang"
5,"Binnenland","voorzitter"
5,"Binnenland","vraag"
5,"Binnenland","waarin"
5,"Binnenland","wassenberg"
5,"Binnenland","we"
5,"Binnenland","wederom"
5,"Binnenland","wel"
5,"Binnenland","wensenlijstje"
5,"Binnenland","werknemers"
5,"Binnenland","wet"
5,"Binnenland","wetsvoorstel"
5,"Binnenland","wia"
5,"Binnenland","willen"
5,"Binnenland","zon"
5,"Binnenland","zorg"
5,"Binnenland","zorgelijk"
5,"Binnenland","zorginstituut"
5,"Binnenland","zorgverzekeraars"
5,"Binnenland","zwaarder"
6,"Tweede Kamer Gerelateerd","28286"
6,"Tweede Kamer Gerelateerd","289"
6,"Tweede Kamer Gerelateerd","290"
6,"Tweede Kamer Gerelateerd","31288"
6,"Tweede Kamer Gerelateerd","31289"
6,"Tweede Kamer Gerelateerd","31839"
6,"Tweede Kamer Gerelateerd","32847"
6,"Tweede Kamer Gerelateerd","33529"
6,"Tweede Kamer Gerelateerd","33592"
6,"Tweede Kamer Gerelateerd","34775"
6,"Tweede Kamer Gerelateerd","359"
6,"Tweede Kamer Gerelateerd","408"
6,"Tweede Kamer Gerelateerd","50plus"
6,"Tweede Kamer Gerelateerd","52"
6,"Tweede Kamer Gerelateerd","53"
6,"Tweede Kamer Gerelateerd","54"
6,"Tweede Kamer Gerelateerd","610"
6,"Tweede Kamer Gerelateerd","611"
6,"Tweede Kamer Gerelateerd","875"
6,"Tweede Kamer Gerelateerd","967"
6,"Tweede Kamer Gerelateerd","aangehouden"
6,"Tweede Kamer Gerelateerd","aangenomen"
6,"Tweede Kamer Gerelateerd","aanneming"
6,"Tweede Kamer Gerelateerd","afhandeling"
6,"Tweede Kamer Gerelateerd","algemene"
6,"Tweede Kamer Gerelateerd","amendement"
6,"Tweede Kamer Gerelateerd","arissen"
6,"Tweede Kamer Gerelateerd","autonomie"
6,"Tweede Kamer Gerelateerd","beschouwd"
6,"Tweede Kamer Gerelateerd","besloten"
6,"Tweede Kamer Gerelateerd","christenunie"
6,"Tweede Kamer Gerelateerd","constateer"
6,"Tweede Kamer Gerelateerd","constaterende"
6,"Tweede Kamer Gerelateerd","daartoe"
6,"Tweede Kamer Gerelateerd","denk"
6,"Tweede Kamer Gerelateerd","ertegen"
6,"Tweede Kamer Gerelateerd","eustatius"
6,"Tweede Kamer Gerelateerd","fractie"
6,"Tweede Kamer Gerelateerd","fracties"
6,"Tweede Kamer Gerelateerd","fvd"
6,"Tweede Kamer Gerelateerd","geacht"
6,"Tweede Kamer Gerelateerd","gestemd"
6,"Tweede Kamer Gerelateerd","gewijzigde"
6,"Tweede Kamer Gerelateerd","groenlinks"
6,"Tweede Kamer Gerelateerd","haag"
6,"Tweede Kamer Gerelateerd","houden"
6,"Tweede Kamer Gerelateerd","ik"
6,"Tweede Kamer Gerelateerd","jongeren"
6,"Tweede Kamer Gerelateerd","jongerenplatform"
6,"Tweede Kamer Gerelateerd","leden"
6,"Tweede Kamer Gerelateerd","meenen"
6,"Tweede Kamer Gerelateerd","mijnbouwschade"
6,"Tweede Kamer Gerelateerd","motie"
6,"Tweede Kamer Gerelateerd","moties"
6,"Tweede Kamer Gerelateerd","nader"
6,"Tweede Kamer Gerelateerd","nr"
6,"Tweede Kamer Gerelateerd","nrs"
6,"Tweede Kamer Gerelateerd","ondertekend"
6,"Tweede Kamer Gerelateerd","ontmanteld"
6,"Tweede Kamer Gerelateerd","op"
6,"Tweede Kamer Gerelateerd","overgenomen"
6,"Tweede Kamer Gerelateerd","overige"
6,"Tweede Kamer Gerelateerd","positie"
6,"Tweede Kamer Gerelateerd","pvda"
6,"Tweede Kamer Gerelateerd","pvdd"
6,"Tweede Kamer Gerelateerd","pvv"
6,"Tweede Kamer Gerelateerd","raemakers"
6,"Tweede Kamer Gerelateerd","rijksbeleid"
6,"Tweede Kamer Gerelateerd","schadeprotocol"
6,"Tweede Kamer Gerelateerd","ser"
6,"Tweede Kamer Gerelateerd","sgp"
6,"Tweede Kamer Gerelateerd","sint"
6,"Tweede Kamer Gerelateerd","sneller"
6,"Tweede Kamer Gerelateerd","sp"
6,"Tweede Kamer Gerelateerd","spoedprocedure"
6,"Tweede Kamer Gerelateerd","stel"
6,"Tweede Kamer Gerelateerd","stemmen"
6,"Tweede Kamer Gerelateerd","stemmingen"
6,"Tweede Kamer Gerelateerd","stemverklaring"
6,"Tweede Kamer Gerelateerd","taakverwaarlozing"
6,"Tweede Kamer Gerelateerd","teruggegaan"
6,"Tweede Kamer Gerelateerd","verwerping"
6,"Tweede Kamer Gerelateerd","verworpen"
6,"Tweede Kamer Gerelateerd","verzoek"
6,"Tweede Kamer Gerelateerd","voorkomende"
6,"Tweede Kamer Gerelateerd","vso"
6,"Tweede Kamer Gerelateerd","vvd"
6,"Tweede Kamer Gerelateerd","wassenberg"
6,"Tweede Kamer Gerelateerd","wenst"
6,"Tweede Kamer Gerelateerd","wetsvoorstel"
6,"Tweede Kamer Gerelateerd","xv"
6,"Tweede Kamer Gerelateerd","zdil"
6,"Tweede Kamer Gerelateerd","zekerheid"
6,"Tweede Kamer Gerelateerd","zodat"
7,"Zorg","belangrijkste"
7,"Zorg","beleidsplan"
7,"Zorg","beperking"
7,"Zorg","bestrijden"
7,"Zorg","bij"
7,"Zorg","domein"
7,"Zorg","doping"
7,"Zorg","fusie"
7,"Zorg","gemeenten"
7,"Zorg","gemeenteraadsverkiezingen"
7,"Zorg","geneesmiddel"
7,"Zorg","gezondheidszorg"
7,"Zorg","gigagaaf"
7,"Zorg","het"
7,"Zorg","hijink"
7,"Zorg","ijkpunt"
7,"Zorg","ik"
7,"Zorg","inspectie"
7,"Zorg","inspecties"
7,"Zorg","jeugdzorg"
7,"Zorg","kanker"
7,"Zorg","kinderen"
7,"Zorg","levensreddend"
7,"Zorg","mensen"
7,"Zorg","minister"
7,"Zorg","moeten"
7,"Zorg","mondzorg"
7,"Zorg","opliepen"
7,"Zorg","orkambi"
7,"Zorg","pharos"
7,"Zorg","projecten"
7,"Zorg","rijksoverheid"
7,"Zorg","sluis"
7,"Zorg","sociaal"
7,"Zorg","spectaculaire"
7,"Zorg","spel"
7,"Zorg","sport"
7,"Zorg","systemen"
7,"Zorg","taaislijmziekte"
7,"Zorg","tandarts"
7,"Zorg","vaak"
7,"Zorg","vals"
7,"Zorg","verdrag"
7,"Zorg","vn"
7,"Zorg","we"
7,"Zorg","wetsvoorstel"
7,"Zorg","zorg"
7,"Zorg","zorginstituut"
7,"Zorg","zorgverzekeraars"
8,"Recht","aalst"
8,"Recht","aangifte"
8,"Recht","advocaten"
8,"Recht","advocatuur"
8,"Recht","ambtenaren"
8,"Recht","amendementen"
8,"Recht","begroting"
8,"Recht","belediging"
8,"Recht","benoemingswijze"
8,"Recht","burgemeester"
8,"Recht","burgemeesters"
8,"Recht","commissaris"
8,"Recht","dienaars"
8,"Recht","disciplinaire"
8,"Recht","dna"
8,"Recht","gedetineerden"
8,"Recht","gekozen"
8,"Recht","gemeenten"
8,"Recht","grondwet"
8,"Recht","hechtenis"
8,"Recht","hij"
8,"Recht","iedere"
8,"Recht","ik"
8,"Recht","jetten"
8,"Recht","jeugdbescherming"
8,"Recht","koning"
8,"Recht","koningin"
8,"Recht","lezing"
8,"Recht","maatregel"
8,"Recht","macht"
8,"Recht","martels"
8,"Recht","materiaal"
8,"Recht","meer"
8,"Recht","minister"
8,"Recht","motie"
8,"Recht","nispen"
8,"Recht","ongekozen"
8,"Recht","penitentiaire"
8,"Recht","pleidooien"
8,"Recht","raad"
8,"Recht","rapport"
8,"Recht","rechter"
8,"Recht","rechterlijke"
8,"Recht","rechtsbescherming"
8,"Recht","rechtsbijstand"
8,"Recht","rechtshulp"
8,"Recht","rechtspraak"
8,"Recht","rechtsspraak"
8,"Recht","rijbaan"
8,"Recht","scheiding"
8,"Recht","snorfiets"
8,"Recht","stelsel"
8,"Recht","steur"
8,"Recht","strafrechtelijke"
8,"Recht","strafrechtstoepassing"
8,"Recht","stuk"
8,"Recht","tekortschieten"
8,"Recht","termijn"
8,"Recht","terreurverdachten"
8,"Recht","terrorisme"
8,"Recht","terroristische"
8,"Recht","van"
8,"Recht","verbod"
8,"Recht","vergoeding"
8,"Recht","verhoeven"
8,"Recht","verkeersveiligheid"
8,"Recht","von"
8,"Recht","voorlopige"
8,"Recht","voorstel"
8,"Recht","vvd"
8,"Recht","we"
8,"Recht","wetsvoorstel"
8,"Recht","zorgelijk"
9,"Klimaat","aandelen"
9,"Klimaat","aanpak"
9,"Klimaat","aarde"
9,"Klimaat","actieprogramma"
9,"Klimaat","beetje"
9,"Klimaat","belangenverstrengeling"
9,"Klimaat","belasten"
9,"Klimaat","beving"
9,"Klimaat","beweging"
9,"Klimaat","bijenstrategie"
9,"Klimaat","binnenvaart"
9,"Klimaat","biodiversiteit"
9,"Klimaat","boeren"
9,"Klimaat","dank"
9,"Klimaat","de"
9,"Klimaat","dieren"
9,"Klimaat","drie"
9,"Klimaat","eneco"
9,"Klimaat","energie"
9,"Klimaat","exxon"
9,"Klimaat","fruitmachine"
9,"Klimaat","futselaar"
9,"Klimaat","gas"
9,"Klimaat","gaswinning"
9,"Klimaat","gezond"
9,"Klimaat","green"
9,"Klimaat","grondwater"
9,"Klimaat","groningen"
9,"Klimaat","groningers"
9,"Klimaat","groot"
9,"Klimaat","heer"
9,"Klimaat","hoorden"
9,"Klimaat","ik"
9,"Klimaat","innovatie"
9,"Klimaat","insectenpopulatie"
9,"Klimaat","intensieve"
9,"Klimaat","jetten"
9,"Klimaat","kansrijke"
9,"Klimaat","kijkers"
9,"Klimaat","klimaat"
9,"Klimaat","landbouw"
9,"Klimaat","luchthaven"
9,"Klimaat","luchtvaart"
9,"Klimaat","mensen"
9,"Klimaat","minister"
9,"Klimaat","minuten"
9,"Klimaat","motie"
9,"Klimaat","moties"
9,"Klimaat","natuur"
9,"Klimaat","natuurinclusieve"
9,"Klimaat","onderzoekers"
9,"Klimaat","oplossingen"
9,"Klimaat","ouwehand"
9,"Klimaat","pijp"
9,"Klimaat","president"
9,"Klimaat","projecten"
9,"Klimaat","schades"
9,"Klimaat","scheepvaart"
9,"Klimaat","schiphol"
9,"Klimaat","sde"
9,"Klimaat","shell"
9,"Klimaat","spreek"
9,"Klimaat","strikt"
9,"Klimaat","subsidie"
9,"Klimaat","verkoop"
9,"Klimaat","verladers"
9,"Klimaat","we"
9,"Klimaat","wel"
9,"Klimaat","zon"
9,"Klimaat","zwaarder"
10,"Europa","aandeelhouder"
10,"Europa","abp"
10,"Europa","afweging"
10,"Europa","beckerman"
10,"Europa","chauffeurs"
10,"Europa","drachme"
10,"Europa","duitsland"
10,"Europa","economie"
10,"Europa","engie"
10,"Europa","euro"
10,"Europa","in"
10,"Europa","kerncentrales"
10,"Europa","kernwapens"
10,"Europa","maandenlang"
10,"Europa","mihai"
10,"Europa","miljard"
10,"Europa","munt"
10,"Europa","nooit"
10,"Europa","oost"
10,"Europa","rente"
10,"Europa","roemeense"
10,"Europa","schultz"
10,"Europa","signaal"
10,"Europa","sociale"
10,"Europa","toekomst"
10,"Europa","vrachtwagenchauffeurs"
10,"Europa","wassenberg"
10,"Europa","we"
10,"Europa","weekend"
10,"Europa","zagen"
12,"Bedrijven","aandeelhouders"
12,"Bedrijven","aandelen"
12,"Bedrijven","aangegeven"
12,"Bedrijven","aarde"
12,"Bedrijven","acm"
12,"Bedrijven","analyse"
12,"Bedrijven","bedrijf"
12,"Bedrijven","bedrijven"
12,"Bedrijven","belasten"
12,"Bedrijven","bestuurders"
12,"Bedrijven","bevoegdheden"
12,"Bedrijven","bezorgde"
12,"Bedrijven","dank"
12,"Bedrijven","dat"
12,"Bedrijven","dividendbelasting"
12,"Bedrijven","drie"
12,"Bedrijven","eneco"
12,"Bedrijven","europese"
12,"Bedrijven","gesprek"
12,"Bedrijven","horeca"
12,"Bedrijven","ik"
12,"Bedrijven","kijkers"
12,"Bedrijven","machtspositie"
12,"Bedrijven","mededingingswet"
12,"Bedrijven","motie"
12,"Bedrijven","ondernemingsraad"
12,"Bedrijven","ondernemingsraden"
12,"Bedrijven","paternotte"
12,"Bedrijven","raad"
12,"Bedrijven","spreek"
12,"Bedrijven","staatssecretaris"
12,"Bedrijven","strikt"
12,"Bedrijven","verkoop"
12,"Bedrijven","waarin"
12,"Bedrijven","wel"
12,"Bedrijven","wensenlijstje"
12,"Bedrijven","werknemers"
12,"Bedrijven","willen"
12,"Bedrijven","zwaarder"
13,"Werk","60"
13,"Werk","aandeelhouders"
13,"Werk","bedrijf"
13,"Werk","bedrijven"
13,"Werk","bestuurders"
13,"Werk","chauffeurs"
13,"Werk","dat"
13,"Werk","dividendbelasting"
13,"Werk","doorwerken"
13,"Werk","gesprek"
13,"Werk","heilloze"
13,"Werk","hoger"
13,"Werk","in"
13,"Werk","instroom"
13,"Werk","langer"
13,"Werk","leeftijdscategorie"
13,"Werk","maandenlang"
13,"Werk","mihai"
13,"Werk","ondernemingsraad"
13,"Werk","ondernemingsraden"
13,"Werk","oost"
13,"Werk","plussers"
13,"Werk","roemeense"
13,"Werk","sociale"
13,"Werk","uwv"
13,"Werk","vrachtwagenchauffeurs"
13,"Werk","weekend"
13,"Werk","werknemers"
13,"Werk","wia"
13,"Werk","zagen"
14,"Infrastructuur","aalst"
14,"Infrastructuur","advies"
14,"Infrastructuur","amhaouch"
14,"Infrastructuur","belangenverstrengeling"
14,"Infrastructuur","beperking"
14,"Infrastructuur","binnenvaart"
14,"Infrastructuur","dank"
14,"Infrastructuur","gemeenten"
14,"Infrastructuur","gemeenteraadsverkiezingen"
14,"Infrastructuur","ger"
14,"Infrastructuur","green"
14,"Infrastructuur","herindeling"
14,"Infrastructuur","hoorden"
14,"Infrastructuur","ijkpunt"
14,"Infrastructuur","ik"
14,"Infrastructuur","innovatie"
14,"Infrastructuur","kamer"
14,"Infrastructuur","kansrijke"
14,"Infrastructuur","kettingbeding"
14,"Infrastructuur","knelpunten"
14,"Infrastructuur","kr"
14,"Infrastructuur","kwantitatieve"
14,"Infrastructuur","lib"
14,"Infrastructuur","lijst"
14,"Infrastructuur","luchthaven"
14,"Infrastructuur","luchtvaart"
14,"Infrastructuur","martels"
14,"Infrastructuur","mensen"
14,"Infrastructuur","minister"
14,"Infrastructuur","moeten"
14,"Infrastructuur","motie"
14,"Infrastructuur","moties"
14,"Infrastructuur","ns"
14,"Infrastructuur","oplossingen"
14,"Infrastructuur","ors"
14,"Infrastructuur","overleg"
14,"Infrastructuur","pijp"
14,"Infrastructuur","prorail"
14,"Infrastructuur","rijbaan"
14,"Infrastructuur","scheepvaart"
14,"Infrastructuur","schiphol"
14,"Infrastructuur","snorfiets"
14,"Infrastructuur","stuk"
14,"Infrastructuur","verdrag"
14,"Infrastructuur","verkeersveiligheid"
14,"Infrastructuur","verladers"
14,"Infrastructuur","vn"
14,"Infrastructuur","von"
14,"Infrastructuur","vraag"
14,"Infrastructuur","wassenberg"
14,"Infrastructuur","we"
14,"Infrastructuur","wel"
15,"Onderwijs","ao"
15,"Onderwijs","beroepsonderwijs"
15,"Onderwijs","beste"
15,"Onderwijs","dank"
15,"Onderwijs","de"
15,"Onderwijs","diagnostische"
15,"Onderwijs","entreeopleiding"
15,"Onderwijs","fixus"
15,"Onderwijs","imago"
15,"Onderwijs","initiatiefnemers"
15,"Onderwijs","jarig"
15,"Onderwijs","kuik"
15,"Onderwijs","leerlingen"
15,"Onderwijs","mbo"
15,"Onderwijs","medewerkers"
15,"Onderwijs","medezeggenschap"
15,"Onderwijs","meenen"
15,"Onderwijs","motie"
15,"Onderwijs","moties"
15,"Onderwijs","numerus"
15,"Onderwijs","onderwijs"
15,"Onderwijs","opleidingen"
15,"Onderwijs","samenwerkingscollege"
15,"Onderwijs","scholen"
15,"Onderwijs","selectie"
15,"Onderwijs","stageplek"
15,"Onderwijs","studenten"
15,"Onderwijs","toets"
15,"Onderwijs","tussentijdse"
15,"Onderwijs","verplichten"
15,"Onderwijs","voorzitter"
15,"Onderwijs","wet"
15,"Onderwijs","wetsvoorstel"
16,"Cultuur en Sport","belangrijkste"
16,"Cultuur en Sport","beleidsplan"
16,"Cultuur en Sport","beroepsonderwijs"
16,"Cultuur en Sport","bestrijden"
16,"Cultuur en Sport","doping"
16,"Cultuur en Sport","het"
16,"Cultuur en Sport","imago"
16,"Cultuur en Sport","mbo"
16,"Cultuur en Sport","medewerkers"
16,"Cultuur en Sport","medezeggenschap"
16,"Cultuur en Sport","onderwijs"
16,"Cultuur en Sport","opleidingen"
16,"Cultuur en Sport","samenwerkingscollege"
16,"Cultuur en Sport","spel"
16,"Cultuur en Sport","sport"
16,"Cultuur en Sport","studenten"
16,"Cultuur en Sport","vaak"
16,"Cultuur en Sport","vals"
16,"Cultuur en Sport","wet"
16,"Cultuur en Sport","wetsvoorstel"
17,"Stemming","28286"
17,"Stemming","290"
17,"Stemming","31288"
17,"Stemming","31289"
17,"Stemming","31839"
17,"Stemming","32847"
17,"Stemming","33529"
17,"Stemming","33592"
17,"Stemming","34775"
17,"Stemming","359"
17,"Stemming","408"
17,"Stemming","50plus"
17,"Stemming","610"
17,"Stemming","611"
17,"Stemming","875"
17,"Stemming","967"
17,"Stemming","aangenomen"
17,"Stemming","aanneming"
17,"Stemming","afhandeling"
17,"Stemming","algemene"
17,"Stemming","amendement"
17,"Stemming","arissen"
17,"Stemming","autonomie"
17,"Stemming","beschouwd"
17,"Stemming","besloten"
17,"Stemming","christenunie"
17,"Stemming","constateer"
17,"Stemming","constaterende"
17,"Stemming","daartoe"
17,"Stemming","denk"
17,"Stemming","ertegen"
17,"Stemming","eustatius"
17,"Stemming","fractie"
17,"Stemming","fracties"
17,"Stemming","fvd"
17,"Stemming","geacht"
17,"Stemming","gestemd"
17,"Stemming","gewijzigde"
17,"Stemming","groenlinks"
17,"Stemming","haag"
17,"Stemming","houden"
17,"Stemming","ik"
17,"Stemming","jongeren"
17,"Stemming","jongerenplatform"
17,"Stemming","leden"
17,"Stemming","meenen"
17,"Stemming","mijnbouwschade"
17,"Stemming","motie"
17,"Stemming","nader"
17,"Stemming","nr"
17,"Stemming","ondertekend"
17,"Stemming","ontmanteld"
17,"Stemming","op"
17,"Stemming","overgenomen"
17,"Stemming","overige"
17,"Stemming","positie"
17,"Stemming","pvda"
17,"Stemming","pvdd"
17,"Stemming","pvv"
17,"Stemming","raemakers"
17,"Stemming","rijksbeleid"
17,"Stemming","schadeprotocol"
17,"Stemming","ser"
17,"Stemming","sgp"
17,"Stemming","sint"
17,"Stemming","sp"
17,"Stemming","spoedprocedure"
17,"Stemming","stel"
17,"Stemming","stemmen"
17,"Stemming","stemmingen"
17,"Stemming","stemverklaring"
17,"Stemming","taakverwaarlozing"
17,"Stemming","teruggegaan"
17,"Stemming","verwerping"
17,"Stemming","verworpen"
17,"Stemming","verzoek"
17,"Stemming","voorkomende"
17,"Stemming","vvd"
17,"Stemming","wassenberg"
17,"Stemming","wenst"
17,"Stemming","wetsvoorstel"
17,"Stemming","xv"
17,"Stemming","zdil"
17,"Stemming","zekerheid"
17,"Stemming","zodat"
18,"Defensie en Veiligheid","dna"
18,"Defensie en Veiligheid","gedetineerden"
18,"Defensie en Veiligheid","hechtenis"
18,"Defensie en Veiligheid","iedere"
18,"Defensie en Veiligheid","jeugdbescherming"
18,"Defensie en Veiligheid","maatregel"
18,"Defensie en Veiligheid","materiaal"
18,"Defensie en Veiligheid","minister"
18,"Defensie en Veiligheid","penitentiaire"
18,"Defensie en Veiligheid","pleidooien"
18,"Defensie en Veiligheid","raad"
18,"Defensie en Veiligheid","rapport"
18,"Defensie en Veiligheid","strafrechtelijke"
18,"Defensie en Veiligheid","strafrechtstoepassing"
18,"Defensie en Veiligheid","tekortschieten"
18,"Defensie en Veiligheid","terreurverdachten"
18,"Defensie en Veiligheid","terrorisme"
18,"Defensie en Veiligheid","terroristische"
18,"Defensie en Veiligheid","voorlopige"
18,"Defensie en Veiligheid","zorgelijk"
19,"Wonen","beckerman"
19,"Wonen","drempelbedrag"
19,"Wonen","gaswinning"
19,"Wonen","goed"
19,"Wonen","groningen"
19,"Wonen","huurcommissie"
19,"Wonen","huurder"
19,"Wonen","huurders"
19,"Wonen","huurverhogingen"
19,"Wonen","huurverlaging"
19,"Wonen","jan"
19,"Wonen","jong"
19,"Wonen","klimaat"
19,"Wonen","lijkt"
19,"Wonen","meedogenloos"
19,"Wonen","noemt"
19,"Wonen","spreektijden"
19,"Wonen","verhuurder"
19,"Wonen","verhuurders"
19,"Wonen","wederom"
20,"Energy","aarde"
20,"Energy","ballonvaart"
20,"Energy","beckerman"
20,"Energy","egmond"
20,"Energy","elektriciteit"
20,"Energy","energietransitie"
20,"Energy","gas"
20,"Energy","gaswinning"
20,"Energy","groningen"
20,"Energy","gulden"
20,"Energy","heel"
20,"Energy","huizen"
20,"Energy","jan"
20,"Energy","jong"
20,"Energy","klimaat"
20,"Energy","kubieke"
20,"Energy","meedogenloos"
20,"Energy","noemt"
20,"Energy","onze"
20,"Energy","overheid"
20,"Energy","schepping"
20,"Energy","spreektijden"
20,"Energy","vet"
20,"Energy","vierenhalf"
20,"Energy","voortgang"
20,"Energy","we"
20,"Energy","wederom"
21,"Landbouw en Visserij","actieprogramma"
21,"Landbouw en Visserij","beetje"
21,"Landbouw en Visserij","boeren"
21,"Landbouw en Visserij","de"
21,"Landbouw en Visserij","dieren"
21,"Landbouw en Visserij","fruitmachine"
21,"Landbouw en Visserij","futselaar"
21,"Landbouw en Visserij","gaan"
21,"Landbouw en Visserij","gezond"
21,"Landbouw en Visserij","glb"
21,"Landbouw en Visserij","grashoff"
21,"Landbouw en Visserij","grondwater"
21,"Landbouw en Visserij","groot"
21,"Landbouw en Visserij","heer"
21,"Landbouw en Visserij","ik"
21,"Landbouw en Visserij","landbouw"
21,"Landbouw en Visserij","madlener"
21,"Landbouw en Visserij","minister"
21,"Landbouw en Visserij","minuten"
21,"Landbouw en Visserij","motie"
21,"Landbouw en Visserij","onderzoekers"
21,"Landbouw en Visserij","ouwehand"
21,"Landbouw en Visserij","we"
21,"Landbouw en Visserij","wel"
22,"Diplomatiek","dat"
22,"Diplomatiek","discussie"
22,"Diplomatiek","heer"
22,"Diplomatiek","humanitaire"
22,"Diplomatiek","ik"
22,"Diplomatiek","motie"
22,"Diplomatiek","politieke"
22,"Diplomatiek","staaij"
22,"Diplomatiek","unrwa"
22,"Diplomatiek","we"
